e, e_dot, e_int, stamp, 
-0.7163165989827127, -0.01639544463968116, -0.14287481317835288, 95432000000, 
-0.7131917169658567, 0.0073863871197181, -0.1429943966033561, 95636000000, 
-0.7115824052201462, 0.015780645875221877, -0.1427393814112477, 95840000000, 
-0.7144459915218405, -0.004180915186612714, -0.14261467424718957, 96044000000, 
-0.7115376781987941, 0.0001490900711735114, -0.14250440499605205, 96248000000, 
-0.7080110878807891, 0.021449678803504568, -0.14226631717342825, 96452000000, 
-0.7116093097178683, -0.00023877173024729656, -0.14207720505316343, 96656000000, 
-0.7151993035553958, -0.023960718915355672, -0.1423213134102702, 96860000000, 
-0.7107405794232797, 0.0028957676486285333, -0.14250327951310293, 97030000000, 
-0.7037205819236151, 0.03826240543926921, -0.14197736432681937, 97234000000, 
-0.6114904967268433, 0.3308336089881214, -0.1350634438715825, 97438000000, 
-0.5264103487458326, 0.5910341105926084, -0.12277476182641939, 97642000000, 
-0.4320545759058113, 0.5981197360701066, -0.10466369475856582, 97846000000, 
-0.33999541317400395, 0.6213831185727622, -0.08656402252170986, 98050000000, 
-0.24515009447414937, 0.6230149381055398, -0.06781333890359763, 98254000000, 
-0.24515009447414937, 0.31615106233284856, -0.05535304014148684, 98254000000, 
-0.15648276971373387, 0.295557749201385, -0.04311886391080218, 98458000000, 
-0.15648276971373387, 0.295557749201385, -0.037207708926774476, 98458000000, 
-0.10263955226134525, 0.17947739150796208, -0.027707006112587532, 98628000000, 
-0.10263955226134525, 0.17947739150796208, -0.02411745828242829, 98628000000, 
-0.07023794532050853, 0.10800535646945571, -0.018367803322879933, 98832000000, 
-0.07023794532050853, 0.10800535646945571, -0.01620769619349082, 98832000000, 
-0.053953841315277584, 0.05428034668410316, -0.012961982130419642, 99036000000, 
-0.053953841315277584, 0.05428034668410316, -0.011876375196737579, 99036000000, 
-0.04201043048436681, 0.03981136943636924, -0.009994540874328132, 99240000000, 
-0.04201043048436681, 0.03981136943636924, -0.009198313485600747, 99240000000, 
-0.04201043048436681, 0.0, -0.008402086096873363, 99240000000, 
-0.03546770612983108, 0.02180908118178578, -0.007965904473237646, 99444000000, 
-0.03546770612983108, 0.02180908118178578, -0.007529722849601931, 99444000000, 
-0.021435937748186418, 0.04677256127214887, -0.006158090000523238, 99648000000, 
-0.021435937748186418, 0.04677256127214887, -0.005222638775080261, 99648000000, 
-0.01699990002342333, 0.014786792415876956, -0.0039914517013197445, 99852000000, 
-0.01699990002342333, 0.014786792415876956, -0.0036957158530022054, 99852000000, 
-0.015235802838045043, 0.005880323951260961, -0.003282373525659447, 100056000000, 
-0.015235802838045043, 0.005880323951260961, -0.003164767046634228, 100056000000, 
-0.00910114048273103, 0.020448874517713378, -0.002638183077254741, 100260000000, 
-0.00910114048273103, 0.020448874517713378, -0.0022292055869004733, 100260000000, 
-0.004221369942577158, 0.016265901800512905, -0.0014949100605359477, 100464000000, 
-0.004221369942577158, 0.016265901800512905, -0.0011695920245256898, 100464000000, 
-0.004009144659426256, 0.0007074176105030064, -0.0008301256363053714, 100634000000, 
-0.004009144659426256, 0.0007074176105030064, -0.0008159772840953113, 100634000000, 
-0.012954352388405366, -0.029817359096597034, -0.0013981761138171919, 100838000000, 
-0.012954352388405366, -0.029817359096597034, -0.0019945232957491324, 100838000000, 
0.0012528448098847456, 0.04735732399430037, -0.0016437239977950657, 101042000000, 
0.0012528448098847456, 0.04735732399430037, -0.0006965775179090583, 101042000000, 
-0.0006602485466359331, -0.006376977855068929, 0.00012302940487557052, 101246000000, 
-0.0006602485466359331, -0.006376977855068929, -4.510152225808047e-06, 101246000000, 
-0.0036236909477480594, -0.009878141337040422, -0.000329612536067995, 101450000000, 
-0.0036236909477480594, -0.009878141337040422, -0.0005271753628088035, 101450000000, 
-0.0036236909477480594, 0.0, -0.0007247381895496118, 101450000000, 
-0.002607741535844421, 0.0033864980396787945, -0.000657008228756036, 101654000000, 
-0.002607741535844421, 0.0033864980396787945, -0.0005892782679624601, 101654000000, 
-0.000866726551700947, 0.005803383280478247, -0.0004054806415593193, 101858000000, 
-0.000866726551700947, 0.005803383280478247, -0.00028941297594975435, 101858000000, 
-0.0028149760915917588, -0.006494165132969372, -0.00030322861299957683, 102062000000, 
-0.0028149760915917588, -0.006494165132969372, -0.0004331119156589643, 102062000000, 
-0.001922074950276964, 0.002976337137715982, -0.0005034684755640321, 102232000000, 
-0.001922074950276964, 0.002976337137715982, -0.00044394173280971243, 102232000000, 
7.658925846310005e-06, 0.006432446253744247, -0.0002557660649805079, 102436000000, 
7.658925846310005e-06, 0.006432446253744247, -0.00012711713990562294, 102436000000, 
0.00406801416567204, 0.013534517466085768, 0.00027222213449097735, 102640000000, 
0.00406801416567204, 0.013534517466085768, 0.0005429124838126927, 102640000000, 
-0.0020729783081885333, -0.020469974912868578, 0.0004042033348770365, 102844000000, 
-0.0020729783081885333, -0.020469974912868578, -5.196163380335091e-06, 102844000000, 
-0.003689457939756835, -0.005388265438561006, -0.0005223609704089268, 103048000000, 
-0.003689457939756835, -0.005388265438561006, -0.0006301262791801468, 103048000000, 
-0.004120930579435855, -0.001438242132263401, -0.0007666564305966351, 103252000000, 
-0.004120930579435855, -0.001438242132263401, -0.000795421273241903, 103252000000, 
-0.004120930579435855, 0.0, -0.000824186115887171, 103252000000, 
0.0012539796360957478, 0.017916367385105342, -0.00046585876818506415, 103456000000, 
0.0012539796360957478, 0.017916367385105342, -0.00010753142048295732, 103456000000, 
0.006247992116582779, 0.016646708268290105, 0.0005837300925849516, 103660000000, 
0.006247992116582779, 0.016646708268290105, 0.0009166642579507537, 103660000000, 
0.000934378409667258, -0.017712045689718403, 0.0008953575095221877, 103864000000, 
0.000934378409667258, -0.017712045689718403, 0.0005411165957278196, 103864000000, 
-0.0030362060653341683, -0.013235281583338088, -7.782994973331015e-05, 104068000000, 
-0.0030362060653341683, -0.013235281583338088, -0.0003425355814000719, 104068000000, 
-0.0036563971891037106, -0.0020673037458984744, -0.0006485872879848032, 104238000000, 
-0.0036563971891037106, -0.0020673037458984744, -0.0006899333629027726, 104238000000, 
0.0009285111232493204, 0.015283027707843436, -0.00042561888366387336, 104442000000, 
0.0009285111232493204, 0.015283027707843436, -0.00011995832950700465, 104442000000, 
0.0009285111232493204, 0.0, 0.00018570222464986408, 104442000000, 
-0.006173078653572195, -0.023671965922738385, -0.0002877370938049036, 104646000000, 
-0.006173078653572195, -0.023671965922738385, -0.0007611764122596713, 104646000000, 
-0.002579593174190764, 0.011978284931271435, -0.0009950500320890102, 104850000000, 
-0.002579593174190764, 0.011978284931271435, -0.0007554843334635816, 104850000000, 
-0.0023359843242144462, 0.0008120294999210594, -0.0004996780448397316, 105054000000, 
-0.0023359843242144462, 0.0008120294999210594, -0.0004834374548413104, 105054000000, 
0.0077947147814417805, 0.03376899701885409, 0.00020818307553419253, 105258000000, 
0.0077947147814417805, 0.03376899701885409, 0.0008835630159112743, 105258000000, 
0.007814981500385842, 6.755572981353986e-05, 0.001560294070884627, 105462000000, 
0.007814981500385842, 6.755572981353986e-05, 0.0015616451854808977, 105462000000, 
0.004824976936976033, -0.009966681878032698, 0.0013636626625165146, 105666000000, 
0.004824976936976033, -0.009966681878032698, 0.0011643290249558605, 105666000000, 
0.004824976936976033, 0.0, 0.0009649953873952066, 105666000000, 
0.0010060386857667636, -0.012729794170697565, 0.0007103995039812553, 105870000000, 
-0.005493269064155704, -0.03439415333710579, 2.251643723913954e-05, 106040000000, 
-0.005493269064155704, -0.021664359166408225, -0.0006653666295029762, 106040000000, 
-0.005493269064155704, 0.0, -0.0010986538128311407, 106040000000, 
-0.00026473997820719575, 0.017428430286495027, -0.0007500852071012402, 106244000000, 
-0.00026473997820719575, 0.017428430286495027, -0.00040151660137133964, 106244000000, 
0.002057762580732425, 0.007741675196465403, 0.00010188550828786891, 106448000000, 
0.002057762580732425, 0.007741675196465403, 0.00025671901221717696, 106448000000, 
0.0017111706155662487, -0.0011553065505539213, 0.0003884463851354066, 106652000000, 
0.0017111706155662487, -0.0011553065505539213, 0.00036534025412432816, 106652000000, 
0.0022516823519852514, 0.001801705788063342, 0.0003782682388745166, 106856000000, 
0.0022516823519852514, 0.001801705788063342, 0.00041430235463578343, 106856000000, 
0.0022516823519852514, 0.0, 0.00045033647039705027, 106856000000, 
0.0032445636688200885, 0.0033096043894494573, 0.0005165285581860394, 107060000000, 
0.0032445636688200885, 0.0033096043894494573, 0.0005827206459750286, 107060000000, 
0.0007590622872650776, -0.008285004605183369, 0.0004832126416603503, 107264000000, 
0.0007590622872650776, -0.008285004605183369, 0.0003175125495566829, 107264000000, 
-0.0061792841933835385, -0.023127821602162053, -0.00031074397459022557, 107468000000, 
-0.0061792841933835385, -0.023127821602162053, -0.0007733004066334666, 107468000000, 
-0.0016070545342052878, 0.01524076553059417, -0.0009310415280648243, 107638000000, 
-0.0016070545342052878, 0.01524076553059417, -0.000626226217452941, 107638000000, 
0.0029233273096420653, 0.01510127281282451, -1.9385450584567347e-05, 107842000000, 
0.0029233273096420653, 0.01510127281282451, 0.00028264000567192286, 107842000000, 
-0.0008831461711599209, -0.01268824493600662, 0.00033090056320828065, 108046000000, 
-0.0008831461711599209, -0.01268824493600662, 7.713566448814823e-05, 108046000000, 
-0.0022990867528634995, -0.004719801939011929, -0.00027102527301222273, 108250000000, 
-0.0022990867528634995, -0.004719801939011929, -0.0003654213117924613, 108250000000, 
0.005469619128148362, 0.025895686270039537, 5.809637482809086e-05, 108454000000, 
0.005469619128148362, 0.025895686270039537, 0.0005760101002288816, 108454000000, 
0.006494793599727822, 0.0034172482385981993, 0.0011622687904016364, 108658000000, 
0.006494793599727822, 0.0034172482385981993, 0.0012306137551736003, 108658000000, 
-0.00013298394927696577, -0.022092591830015957, 0.0008571068833452452, 108862000000, 
-0.00013298394927696577, -0.022092591830015957, 0.000415255046744926, 108862000000, 
-0.00013298394927696577, 0.0, -2.6596789855393155e-05, 108862000000, 
-0.0016615910265774803, -0.005095356924335048, -0.00012850392834209411, 109066000000, 
-0.0016615910265774803, -0.005095356924335048, -0.00023041106682879507, 109066000000, 
-0.0029569035271882482, -0.004317708335369226, -0.0004186723720228806, 109270000000, 
-0.0029569035271882482, -0.004317708335369226, -0.0005050265387302652, 109270000000, 
-0.00252642825017102, 0.0014349175900574274, -0.0005626823536365011, 109440000000, 
-0.00252642825017102, 0.0014349175900574274, -0.0005339840018353526, 109440000000, 
-7.026181994684855e-05, 0.008187221434080572, -0.00034154122135259256, 109644000000, 
-7.026181994684855e-05, 0.008187221434080572, -0.00017779679267098113, 109644000000, 
0.011390188188006523, 0.03820150002651124, 0.000749977636540855, 109848000000, 
0.011390188188006523, 0.03820150002651124, 0.0015140076370710799, 109848000000, 
0.0009945619059418265, -0.03465208760688232, 0.001584995885463658, 110052000000, 
0.0009945619059418265, -0.03465208760688232, 0.0008919541333260117, 110052000000, 
0.0031514058176888016, 0.00718947970582325, 0.0003427019753048303, 110256000000, 
0.0031514058176888016, 0.00718947970582325, 0.0004864915694212953, 110256000000, 
0.00397243594920238, 0.0027367671050452604, 0.0006850165056386655, 110460000000, 
0.00397243594920238, 0.0027367671050452604, 0.0007397518477395707, 110460000000, 
0.00019629859520642334, -0.012587124513319855, 0.0005427446995740788, 110664000000, 
0.00019629859520642334, -0.012587124513319855, 0.00029100220930768176, 110664000000, 
-0.004174484062528849, -0.014569275525784242, -0.0002521257914744002, 110868000000, 
-0.004174484062528849, -0.014569275525784242, -0.0005435113019900851, 110868000000, 
-7.221101972521016e-05, 0.01367424347601213, -0.0005614119429855273, 111072000000, 
-7.221101972521016e-05, 0.01367424347601213, -0.00028792707346528463, 111072000000, 
0.00250119079567912, 0.008578006051347767, 0.00015711791708191333, 111242000000, 
0.00250119079567912, 0.008578006051347767, 0.00032867803810886865, 111242000000, 
-0.0011612480410121417, -0.01220812945563754, 0.00025607557002307326, 111446000000, 
-0.0011612480410121417, -0.01220812945563754, 1.1912980910322446e-05, 111446000000, 
0.0027386926977042148, 0.012999802462387855, 2.774644104532875e-05, 111650000000, 
0.0027386926977042148, 0.012999802462387855, 0.00028774249029308587, 111650000000, 
-0.0019824652442846924, -0.015737193139963024, 0.00023299467674158246, 111854000000, 
-0.0019824652442846924, -0.015737193139963024, -8.1749186057678e-05, 111854000000, 
-0.0019824652442846924, 0.0, -0.00039649304885693845, 111854000000, 
0.0013983948794228374, 0.011269533745691765, -0.00017110237394310317, 112058000000, 
0.0013983948794228374, 0.011269533745691765, 5.4288300970732155e-05, 112058000000, 
0.0025121349258883097, 0.0037124668215515744, 0.00035392831231559894, 112262000000, 
0.0025121349258883097, 0.0037124668215515744, 0.00042817764874663044, 112262000000, 
0.004753842331104097, 0.0074723580173859565, 0.000651874145525381, 112466000000, 
0.004753842331104097, 0.0074723580173859565, 0.0008013213058731002, 112466000000, 
-0.012827771371836216, -0.05860537900980104, -0.0002213391139752015, 112670000000, 
-0.012827771371836216, -0.05860537900980104, -0.0013934466941712225, 112670000000, 
0.0033831142852965845, 0.054036285523776005, -0.0014848285638917231, 112874000000, 
0.0033831142852965845, 0.054036285523776005, -0.00040410285341620315, 112874000000, 
-0.0017344071507581216, -0.01705840478684902, 0.0003354547613223365, 113044000000, 
-0.0017344071507581216, -0.01705840478684902, -5.713334414643907e-06, 113044000000, 
-0.012966584669675929, -0.037440591729726025, -0.0010956932647461447, 113248000000, 
-0.012966584669675929, -0.037440591729726025, -0.0018445050993406652, 113248000000, 
-0.003292509268056354, 0.032246918005398584, -0.001948378573827214, 113452000000, 
-0.003292509268056354, 0.032246918005398584, -0.0013034402137192425, 113452000000, 
-0.002678759666604802, 0.002045832004838507, -0.0006175852135145006, 113656000000, 
-0.002678759666604802, 0.002045832004838507, -0.0005766685734177305, 113656000000, 
-0.0010808476835871828, 0.0053263732767253975, -0.00042922446778645245, 113860000000, 
-0.0010808476835871828, 0.0053263732767253975, -0.0003226970022519445, 113860000000, 
-0.009626897497168496, -0.02848683271193771, -0.0007859061909561908, 114064000000, 
-0.009626897497168496, -0.02848683271193771, -0.001355642845194945, 114064000000, 
0.0036891243622573233, 0.044386739531419396, -0.0010376447088053112, 114268000000, 
0.0036891243622573233, 0.044386739531419396, -0.0001499099181769233, 114268000000, 
-0.0031327903817307545, -0.022739715813293593, 0.0002830305561855928, 114472000000, 
-0.0031327903817307545, -0.022739715813293593, -0.00017176376008027906, 114472000000, 
0.006733059148601783, 0.03288616510110846, 3.1165225676018275e-05, 114676000000, 
0.006733059148601783, 0.03288616510110846, 0.0006888885276981875, 114676000000, 
0.0009814555980790507, -0.019172011835075775, 0.0009631715930188411, 114846000000, 
0.0009814555980790507, -0.019172011835075775, 0.0005797313563173257, 114846000000, 
0.01679175337442307, 0.05270099258781339, 0.001250310971372078, 115050000000, 
0.01679175337442307, 0.05270099258781339, 0.0023043308231283457, 115050000000, 
0.004059475363098808, -0.042440926704414204, 0.0025095321407963295, 115254000000, 
0.004059475363098808, -0.042440926704414204, 0.0016607136067080456, 115254000000, 
0.004059475363098808, 0.0, 0.0008118950726197615, 115254000000, 
-0.005824157346098313, -0.032945442363990406, 0.0001529862253399535, 115458000000, 
-0.005824157346098313, -0.032945442363990406, -0.0005059226219398546, 115458000000, 
-0.019790927184144325, -0.04655589946015337, -0.00209594945842273, 115662000000, 
-0.019790927184144325, -0.04655589946015337, -0.0030270674476257976, 115662000000, 
-8.272926156493998e-05, 0.06569399307526462, -0.0026443055753235726, 115866000000, 
-8.272926156493998e-05, 0.06569399307526462, -0.0013304257138182802, 115866000000, 
-0.0155964823689696, -0.05171251035801553, -0.0010507960594732986, 116070000000, 
-0.0155964823689696, -0.05171251035801553, -0.0020850462666336094, 116070000000, 
-0.009435827591974477, 0.020535515923317076, -0.0027085861553275783, 116274000000, 
-0.009435827591974477, 0.020535515923317076, -0.002297875836861237, 116274000000, 
-0.015210606179460018, -0.019249261958285135, -0.002272150757560598, 116478000000, 
-0.015210606179460018, -0.019249261958285135, -0.002657135996726301, 116478000000, 
0.004406569745528999, 0.06539058641663005, -0.0017343095075594023, 116648000000, 
0.004406569745528999, 0.06539058641663005, -0.0004264977792268014, 116648000000, 
-0.011653914405374555, -0.053534947169678514, -0.00018938499428777049, 116852000000, 
-0.011653914405374555, -0.053534947169678514, -0.0012600839376813407, 116852000000, 
-0.012931393664426749, -0.004258264196840648, -0.0024159481650117237, 117056000000, 
-0.012931393664426749, -0.004258264196840648, -0.002501113448948537, 117056000000, 
0.011659764136792816, 0.08197052600406522, -0.0009468682128040455, 117260000000, 
0.011659764136792816, 0.08197052600406522, 0.0006925423072772589, 117260000000, 
0.007505616881839372, -0.01384715751651148, 0.0020550096770283336, 117464000000, 
0.007505616881839372, -0.01384715751651148, 0.001778066526698104, 117464000000, 
0.020312460288744005, 0.04268947802301545, 0.0023549129368281834, 117668000000, 
0.020312460288744005, 0.04268947802301545, 0.003208702497288492, 117668000000, 
0.020312460288744005, 0.0, 0.004062492057748801, 117668000000, 
0.0017032058592585386, -0.06203084809828489, 0.0028218750957831034, 117872000000, 
0.0017032058592585386, -0.06203084809828489, 0.0015812581338174054, 117872000000, 
0.011314343547966232, 0.032037125629025644, 0.0009813836844322207, 118076000000, 
0.011314343547966232, 0.032037125629025644, 0.0016221261970127336, 118076000000, 
-0.01485284742175641, -0.08722396989907548, 0.000518389311611737, 118280000000, 
-0.01485284742175641, -0.08722396989907548, -0.0012260900863697724, 118280000000, 
0.011565182448099676, 0.08806009956618695, -0.0012093674930275429, 118450000000, 
0.011565182448099676, 0.08806009956618695, 0.000551834498296196, 118450000000, 
0.00594372125271958, -0.018738203984600316, 0.0019382724099279288, 118654000000, 
0.00594372125271958, -0.018738203984600316, 0.0015635083302359225, 118654000000, 
0.0009045660240744047, -0.01679718409548392, 0.0008528005686342377, 118858000000, 
0.0009045660240744047, -0.01679718409548392, 0.0005168568867245593, 118858000000, 
0.005180587026268668, 0.014253403340647544, 0.00046598127162783185, 119062000000, 
0.005180587026268668, 0.014253403340647544, 0.0007510493384407827, 119062000000, 
-0.006510791528310134, -0.038971261848596006, 0.0002566921682818135, 119266000000, 
-0.006510791528310134, -0.038971261848596006, -0.0005227330686901066, 119266000000, 
-0.009559195910916585, -0.010161347942021504, -0.0015053852645024568, 119470000000, 
-0.009559195910916585, -0.010161347942021504, -0.001708612223342887, 119470000000, 
-0.009559195910916585, 0.0, -0.0019118391821833169, 119470000000, 
-0.006712312752420235, 0.009489610528321165, -0.0017220469716168936, 119674000000, 
-0.006712312752420235, 0.009489610528321165, -0.0015322547610504703, 119674000000, 
-0.005248933957538671, 0.004877929316271882, -0.0012449039641586094, 119878000000, 
-0.005248933957538671, 0.004877929316271882, -0.0011473453778331718, 119878000000, 
0.0008671026144507765, 0.02038678857329816, -0.000642051020041771, 120082000000, 
0.0008671026144507765, 0.02038678857329816, -0.00023431524857580783, 120082000000, 
-0.010833509310995248, -0.03900203975148675, -0.0006066202721395797, 120252000000, 
-0.010833509310995248, -0.03900203975148675, -0.0013866610671693148, 120252000000, 
-0.01365545495582865, -0.009406485482778004, -0.0023548315718546096, 120456000000, 
-0.01365545495582865, -0.009406485482778004, -0.00254296128151017, 120456000000, 
-0.012972467137347343, 0.002276626061604355, -0.002685558469933643, 120660000000, 
-0.012972467137347343, 0.002276626061604355, -0.0026400259487015555, 120660000000, 
-0.005201858443061647, 0.025902028980952323, -0.002076452847850422, 120864000000, 
-0.005201858443061647, 0.025902028980952323, -0.0015584122682313758, 120864000000, 
-0.01986010613218514, -0.04886082563041164, -0.002017588201220562, 121068000000, 
-0.01986010613218514, -0.04886082563041164, -0.002994804713828795, 121068000000, 
-0.014387731543798465, 0.01824124862795558, -0.0036071962538779165, 121272000000, 
-0.014387731543798465, 0.01824124862795558, -0.0032423712813188046, 121272000000, 
-0.014387731543798465, 0.0, -0.002877546308759693, 121272000000, 
-0.011622299761191779, 0.009218105942022289, -0.0026931841899192474, 121476000000, 
-0.011622299761191779, 0.009218105942022289, -0.0025088220710788017, 121476000000, 
-0.014287149571757696, -0.00888283270188639, -0.0025021166062760836, 121680000000, 
-0.014287149571757696, -0.00888283270188639, -0.002679773260313811, 121680000000, 
-0.016148770306093296, -0.006205402447785335, -0.002981537963307246, 121884000000, 
-0.016148770306093296, -0.006205402447785335, -0.0031056460122629525, 121884000000, 
-0.013087043705371726, 0.010205755335738568, -0.003025638954503888, 122054000000, 
-0.013087043705371726, 0.010205755335738568, -0.0028215238477891165, 122054000000, 
-0.020567702865703863, -0.024935530534440458, -0.0031161193517631543, 122258000000, 
-0.020567702865703863, -0.024935530534440458, -0.0036148299624519636, 122258000000, 
-0.01524043146798304, 0.017757571325736077, -0.003758389146626051, 122462000000, 
-0.01524043146798304, 0.017757571325736077, -0.0034032377201113294, 122462000000, 
-0.00822372206276667, 0.023389031350721234, -0.0025803056665821833, 122666000000, 
-0.00822372206276667, 0.023389031350721234, -0.0021125250395677584, 122666000000, 
0.023451432106727732, 0.105583847231648, 0.00046693253207962616, 122870000000, 
0.023451432106727732, 0.105583847231648, 0.0025786094767125864, 122870000000, 
0.017064269867775428, -0.02129054079650768, 0.0042644756054153925, 123074000000, 
0.017064269867775428, -0.02129054079650768, 0.003838664789485239, 123074000000, 
-0.004978760086571721, -0.07347676651449049, 0.0019433186432652755, 123278000000, 
-0.004978760086571721, -0.07347676651449049, 0.0004737833129754658, 123278000000, 
-0.004978760086571721, 0.0, -0.000995752017314344, 123278000000, 
-0.030281232498957977, -0.08434157470795418, -0.002682583511473428, 123482000000, 
-0.030281232498957977, -0.08434157470795418, -0.004369415005632512, 123482000000, 
-0.014225869958507276, 0.05351787513483567, -0.004985888997094882, 123686000000, 
-0.014225869958507276, 0.05351787513483567, -0.003915531494398168, 123686000000, 
-0.041851633203684346, -0.09208587748392356, -0.0046868915413799265, 123856000000, 
-0.041851633203684346, -0.09208587748392356, -0.006528609091058398, 123856000000, 
-0.020072454574213916, 0.07259726209823476, -0.006918381398772174, 124060000000, 
-0.020072454574213916, 0.07259726209823476, -0.005466436156807478, 124060000000, 
-0.01085921015651703, 0.030710814725656288, -0.0034002746203296574, 124264000000, 
-0.01085921015651703, 0.030710814725656288, -0.002786058325816532, 124264000000, 
0.011807475141009438, 0.07555561765842156, -0.0006607296781349747, 124468000000, 
0.011807475141009438, 0.07555561765842156, 0.0008503826750334564, 124468000000, 
-0.018981655350316484, -0.10263043497108641, 0.0003088863287801595, 124672000000, 
-0.018981655350316484, -0.10263043497108641, -0.0017437223706415687, 124672000000, 
-0.018981655350316484, 0.0, -0.0037963310700632968, 124672000000, 
-0.04024418581878586, -0.07087510156156458, -0.005213833101294588, 124876000000, 
-0.04024418581878586, -0.07087510156156458, -0.00663133513252588, 124876000000, 
-0.014905739887160152, 0.08446148643875236, -0.006359607434982125, 125080000000, 
-0.014905739887160152, 0.08446148643875236, -0.004670377706207078, 125080000000, 
0.008183407422351685, 0.07696382436503946, -0.0014418714901312413, 125284000000, 
0.008183407422351685, 0.07696382436503946, 9.740499716954787e-05, 125284000000, 
0.04079935311927907, 0.10871981898975795, 0.003811077864265496, 125454000000, 
0.04079935311927907, 0.10871981898975795, 0.005985474244060655, 125454000000, 
0.023130290677786935, -0.05889687480497378, 0.0069819331277563386, 125658000000, 
0.023130290677786935, -0.05889687480497378, 0.005803995631656862, 125658000000, 
0.002606096902581845, -0.06841397925068364, 0.003257778550543714, 125862000000, 
0.002606096902581845, -0.06841397925068364, 0.0018894989655300416, 125862000000, 
-0.013166668652333291, -0.05257588518305045, -0.0005302983231446401, 126066000000, 
-0.013166668652333291, -0.05257588518305045, -0.001581816026805649, 126066000000, 
-0.013166668652333291, 0.0, -0.0026333337304666584, 126066000000, 
-0.04210412726764523, -0.09645819538437313, -0.004562497638154121, 126270000000, 
-0.04210412726764523, -0.09645819538437313, -0.006491661545841583, 126270000000, 
-0.010740674830051034, 0.10454484145864733, -0.006329928624356099, 126474000000, 
-0.010740674830051034, 0.10454484145864733, -0.004239031795183153, 126474000000, 
0.05123977138598823, 0.20660148738679754, 0.0019838947817257444, 126678000000, 
0.05123977138598823, 0.20660148738679754, 0.006115924529461695, 126678000000, 
-0.014942457303609546, -0.22060742896532592, 0.005835805697891128, 126882000000, 
-0.014942457303609546, -0.22060742896532592, 0.0014236571185846092, 126882000000, 
0.004459540402665163, 0.06467332568758237, -0.001695024946970262, 127086000000, 
0.004459540402665163, 0.06467332568758237, -0.0004015584332186147, 127086000000, 
-0.03072804121446404, -0.11729193872376402, -0.0014539306939422476, 127256000000, 
-0.03072804121446404, -0.11729193872376402, -0.003799769468417528, 127256000000, 
0.021075422342285544, 0.17267821185583196, -0.0026920440057761692, 127460000000, 
0.021075422342285544, 0.17267821185583196, 0.0007615202313404697, 127460000000, 
0.056732509204747705, 0.1188569562082072, 0.006592223592621253, 127664000000, 
0.056732509204747705, 0.1188569562082072, 0.008969362716785396, 127664000000, 
0.04958777782994783, -0.02381577124933291, 0.010870186415962883, 127868000000, 
0.04958777782994783, -0.02381577124933291, 0.010393870990976224, 127868000000, 
0.04958777782994783, 0.0, 0.009917555565989566, 127868000000, 
-0.0047306983398367475, -0.18106158723261526, 0.006296323821337261, 128072000000, 
-0.0047306983398367475, -0.18106158723261526, 0.0026750920766849557, 128072000000, 
-0.005785365334838866, -0.0035155566500070603, -0.0010164508009674906, 128276000000, 
-0.005785365334838866, -0.0035155566500070603, -0.0010867619339676319, 128276000000, 
-9.664571646639253e-06, 0.01925233587730742, -0.0007720263494216246, 128480000000, 
-9.664571646639253e-06, 0.01925233587730742, -0.0003869796318754763, 128480000000, 
-0.018026294348770233, -0.06005543259041198, -0.0012030415661375673, 128684000000, 
-0.018026294348770233, -0.06005543259041198, -0.002404150217945807, 128684000000, 
-0.018026294348770233, 0.0, -0.0036052588697540466, 128684000000, 
-0.02746833533071602, -0.03147346993981929, -0.004234728268550432, 128888000000, 
-0.02746833533071602, -0.03147346993981929, -0.004864197667346818, 128888000000, 
-0.01703927373872627, 0.03476353863996584, -0.004798396293343887, 129092000000, 
-0.01703927373872627, 0.03476353863996584, -0.00410312552054457, 129092000000, 
-0.01791338194214387, -0.002913694011392002, -0.003466128627973094, 129262000000, 
-0.01791338194214387, -0.002913694011392002, -0.003524402508200934, 129262000000, 
0.01718082578022273, 0.11698069240788866, -0.0012430625402710005, 129466000000, 
0.01718082578022273, 0.11698069240788866, 0.0010965513078867728, 129466000000, 
-0.016095806365429288, -0.11092210715217339, 0.001217723013001078, 129670000000, 
-0.016095806365429288, -0.11092210715217339, -0.0010007191300423898, 129670000000, 
