x, y, theta, stamp, 
-2.0933976330184123e-08, 2.4196257442099522e-08, -2.376476988530385e-07, 1761339749190292446, 
3.5704772471945034e-13, 1.4566126083082054e-13, 7.72566899343019e-10, 1761339749240644113, 
3.5704772471945034e-13, 1.4566126083082054e-13, 7.712501748358136e-10, 1761339749309593119, 
3.5704772471945034e-13, 1.4566126083082054e-13, 7.805791568671339e-10, 1761339749349322683, 
5.024260190111818e-07, -5.807050342809816e-07, 5.722922415518639e-06, 1761339749400411700, 
0.0010365658672526479, -1.0496451068320312e-05, -3.385521217103005e-05, 1761339749449405731, 
0.005598438438028097, -8.816807167022489e-06, 0.0008866739220771969, 1761339749499404162, 
0.012127728201448917, 0.00025210666353814304, 0.0038077450056714923, 1761339749549681473, 
0.01868307776749134, 0.00032743156771175563, 0.007240246930655392, 1761339749589239826, 
0.046867627650499344, 0.0011820285581052303, 0.019069910886821084, 1761339749709643320, 
0.07485939562320709, 0.0025427835062146187, 0.03443459552135186, 1761339749799404924, 
0.10609596967697144, 0.004402854014188051, 0.05733585075748682, 1761339749898321823, 
0.13370834290981293, 0.006612093187868595, 0.06921430865906153, 1761339749989292083, 
0.16361474990844727, 0.00907790008932352, 0.08033576875895365, 1761339750089573455, 
0.19727033376693726, 0.012307911179959774, 0.09412821928057369, 1761339750200326454, 
0.22754496335983276, 0.015791678801178932, 0.11376116213213505, 1761339750299305599, 
0.25502467155456543, 0.019528931006789207, 0.1494910504864655, 1761339750389414210, 
0.2905530035495758, 0.026119723916053772, 0.21179849128352446, 1761339750509122059, 
0.31741878390312195, 0.032407574355602264, 0.269051288191398, 1761339750599291862, 
0.34707069396972656, 0.04135672748088837, 0.34864896094812536, 1761339750699262516, 
0.3727826178073883, 0.05144728347659111, 0.4250859359170507, 1761339750790302417, 
0.40522393584251404, 0.06830551475286484, 0.5306719517373977, 1761339750909218901, 
0.4283117949962616, 0.08304107189178467, 0.6209521609289408, 1761339750999293743, 
0.452019602060318, 0.10181208699941635, 0.7104615653235014, 1761339751099291717, 
0.4723639488220215, 0.12063100188970566, 0.7856760482173435, 1761339751189403730, 
0.4977951943874359, 0.14816609025001526, 0.8703941546363865, 1761339751309622236, 
0.5146301984786987, 0.16945335268974304, 0.91826753957106, 1761339751399407302, 
0.5325350165367126, 0.1947919726371765, 0.9559443731479984, 1761339751499277281, 
0.547791063785553, 0.21751059591770172, 0.9804186278347373, 1761339751589352956, 
0.5645678043365479, 0.24314551055431366, 0.984934819090828, 1761339751689405070, 
0.5832692384719849, 0.27083820104599, 0.9775632989984624, 1761339751799303996, 
0.6003772020339966, 0.2965744137763977, 0.9915360538736877, 1761339751899267423, 
0.6152587532997131, 0.3201994299888611, 0.9898644338318867, 1761339751989321807, 
0.6352047920227051, 0.35006049275398254, 0.9726466612167552, 1761339752111825060, 
0.6508620977401733, 0.3723268210887909, 0.9592182273559429, 1761339752199304824, 
0.6687971353530884, 0.39694997668266296, 0.9421548041942751, 1761339752299321088, 
0.6853396892547607, 0.41904178261756897, 0.9364288751740535, 1761339752389341351, 
0.7038077712059021, 0.44398215413093567, 0.9360408012865635, 1761339752489821519, 
0.7232821583747864, 0.4712834060192108, 0.9516582879435873, 1761339752599312601, 
0.7405981421470642, 0.4965325891971588, 0.9570536162214305, 1761339752700282704, 
0.7595664858818054, 0.5242762565612793, 0.966967806586366, 1761339752809315273, 
0.7731502652168274, 0.544878363609314, 0.981168483672727, 1761339752889509365, 
0.7910028696060181, 0.5727002024650574, 1.001834346524661, 1761339752999307796, 
0.8067688345909119, 0.5987907648086548, 1.0278548169405735, 1761339753096287994, 
0.8208826184272766, 0.623324990272522, 1.0467597062794542, 1761339753189404395, 
0.8351514339447021, 0.6500632762908936, 1.0635203113369602, 1761339753289360600, 
0.8505196571350098, 0.6795336604118347, 1.0834587443578432, 1761339753399290919, 
0.8643006086349487, 0.7069323658943176, 1.0993702276905433, 1761339753497429369, 
0.8769320845603943, 0.7324459552764893, 1.1096147580060585, 1761339753589903047, 
0.8923324346542358, 0.764958381652832, 1.1197783780261625, 1761339753708942301, 
0.904553234577179, 0.7904151082038879, 1.1200662799506045, 1761339753800329270, 
0.9176035523414612, 0.8171595335006714, 1.113050393090143, 1761339753898443814, 
0.9297789931297302, 0.8419418931007385, 1.1115508308352071, 1761339753989271571, 
0.9462354779243469, 0.8746713995933533, 1.1055383256026552, 1761339754109300885, 
0.9584962129592896, 0.899043619632721, 1.0992559749514603, 1761339754200331003, 
0.9726225733757019, 0.9258806705474854, 1.0960263789467177, 1761339754299329755, 
0.9851012825965881, 0.9503819346427917, 1.090627206216527, 1761339754389276298, 
1.001828670501709, 0.9828119277954102, 1.0877005520425156, 1761339754509849652, 
1.0144673585891724, 1.0073013305664062, 1.0936894526275935, 1761339754600326387, 
1.0284044742584229, 1.0343784093856812, 1.09902272051744, 1761339754699303312, 
1.0407706499099731, 1.0588370561599731, 1.1043959698555383, 1761339754789281695, 
1.056469440460205, 1.0912668704986572, 1.1158652252766945, 1761339754909222455, 
1.0666182041168213, 1.1128082275390625, 1.1244227634822188, 1761339754999588076, 
1.0794923305511475, 1.1415903568267822, 1.1389248590532937, 1761339755099326314, 
1.0906282663345337, 1.1671264171600342, 1.151159096162008, 1761339755189346323, 
1.1045739650726318, 1.2004170417785645, 1.1613237034484793, 1761339755309533827, 
1.1155027151107788, 1.225837230682373, 1.1679110660253293, 1761339755399342556, 
1.127272129058838, 1.2541168928146362, 1.1731468062720491, 1761339755499319294, 
1.1374069452285767, 1.2789616584777832, 1.17665563890926, 1761339755590293219, 
1.1490734815597534, 1.3076837062835693, 1.1787136196780938, 1761339755709095652, 
1.1601749658584595, 1.3350861072540283, 1.1798312760359, 1761339755802347032, 
1.1707299947738647, 1.3614333868026733, 1.1804300198261437, 1761339755894323235, 
1.1814204454421997, 1.3869171142578125, 1.176152643873416, 1761339755989294676, 
1.1957653760910034, 1.4211374521255493, 1.17533741476156, 1761339756110876867, 
1.2060073614120483, 1.446155071258545, 1.1735042352837484, 1761339756199637137, 
1.2154152393341064, 1.4683806896209717, 1.1739642834255282, 1761339756299401905, 
1.2243562936782837, 1.490417718887329, 1.1745392909032963, 1761339756389302815, 
1.2369452714920044, 1.5205285549163818, 1.1758938385551936, 1761339756489751394, 
1.2495323419570923, 1.5516383647918701, 1.1776024465040145, 1761339756599359210, 
1.2605154514312744, 1.5789854526519775, 1.1845923597207877, 1761339756699316255, 
1.2710012197494507, 1.604804515838623, 1.19062178442599, 1761339756789308790, 
1.2839078903198242, 1.6381462812423706, 1.1949920938897476, 1761339756905630948, 
1.2940871715545654, 1.665008544921875, 1.1990763436216865, 1761339756999359390, 
1.305153250694275, 1.6935955286026, 1.2043480018639894, 1761339757100333209, 
1.3148467540740967, 1.7193384170532227, 1.2087324260711902, 1761339757189346993, 
1.3250772953033447, 1.747949481010437, 1.2132599136891207, 1761339757289743714, 
1.3363896608352661, 1.779399037361145, 1.215639965282472, 1761339757399363790, 
1.3462773561477661, 1.8061217069625854, 1.2190745657501791, 1761339757500368280, 
1.3548164367675781, 1.828657627105713, 1.2192093266681496, 1761339757589328060, 
1.3649892807006836, 1.8560172319412231, 1.218702948765685, 1761339757706929220, 
1.3720242977142334, 1.8763784170150757, 1.219665090149534, 1761339757799462785, 
1.3794023990631104, 1.8963520526885986, 1.2208135640509168, 1761339757897665521, 
1.3862643241882324, 1.914573311805725, 1.2187137966111106, 1761339757989584960, 
1.393085241317749, 1.933152675628662, 1.2171700474337692, 1761339758089740517, 
1.3998297452926636, 1.951710820198059, 1.2179077672516083, 1761339758199919647, 
1.405661940574646, 1.9675568342208862, 1.2190133066986446, 1761339758298907453, 
1.410743236541748, 1.9815291166305542, 1.2201532606223493, 1761339758390379559, 
1.4169962406158447, 1.9984873533248901, 1.2237539509613846, 1761339758508765807, 
1.4213638305664062, 2.011105537414551, 1.2246057808000472, 1761339758600387471, 
1.4259835481643677, 2.0238897800445557, 1.2295685151878182, 1761339758699352525, 
1.429715633392334, 2.0348007678985596, 1.2327058233244355, 1761339758789343896, 
1.4345152378082275, 2.0485312938690186, 1.2382369456288327, 1761339758909648009, 
1.4376790523529053, 2.0584957599639893, 1.241371086372327, 1761339759000390907, 
1.441146731376648, 2.068819046020508, 1.2447937973427603, 1761339759099374039, 
1.4440193176269531, 2.0777361392974854, 1.2466222920717724, 1761339759189362910, 
1.446885108947754, 2.0870819091796875, 1.249277537098835, 1761339759289671454, 
1.4499402046203613, 2.0966620445251465, 1.2526952776370086, 1761339759400394830, 
1.452736496925354, 2.105407476425171, 1.251601390877621, 1761339759499376359, 
1.4552334547042847, 2.1123740673065186, 1.2537717370017418, 1761339759589402511, 
1.4577451944351196, 2.1198651790618896, 1.2537338389326234, 1761339759689867043, 
1.4600305557250977, 2.1275076866149902, 1.255223640428893, 1761339759799392444, 
1.4620144367218018, 2.134267807006836, 1.253897312652457, 1761339759899368717, 
1.464162826538086, 2.139805793762207, 1.2529654400624963, 1761339759990404782, 
1.4663575887680054, 2.1470096111297607, 1.25227344536209, 1761339760109606144, 
1.468074917793274, 2.15206241607666, 1.2535260221280264, 1761339760199400738, 
1.4696224927902222, 2.1575863361358643, 1.2560634253225533, 1761339760299837459, 
1.471469759941101, 2.1621432304382324, 1.2560634253225533, 1761339760391812168, 
1.473006248474121, 2.1676814556121826, 1.2560222187395844, 1761339760510874395, 
1.4743369817733765, 2.1710240840911865, 1.2509702300235155, 1761339760599407515, 
1.475550889968872, 2.1752655506134033, 1.2512599212417337, 1761339760695369861, 
1.47684645652771, 2.179133176803589, 1.2512517493646378, 1761339760793432240, 
1.4782803058624268, 2.1825313568115234, 1.250664304029664, 1761339760886014619, 
1.479202389717102, 2.186459541320801, 1.2502156070625077, 1761339760999407136, 
1.4804449081420898, 2.1898915767669678, 1.2502156070625077, 1761339761099366318, 
1.4816416501998901, 2.192739725112915, 1.2502156070625077, 1761339761189437731, 
1.4826241731643677, 2.196505546569824, 1.2530480221012619, 1761339761311575036, 
1.4833836555480957, 2.1990668773651123, 1.253875149978203, 1761339761399411540, 
1.4845445156097412, 2.202000141143799, 1.253875149978203, 1761339761499415230, 
1.4854748249053955, 2.2050180435180664, 1.253875149978203, 1761339761589455235, 
